scene_id,latitude,longitude,altitude,timestamp,heading,panorama_identified,face_detections,face_matches,face_stars_lost_during_matching,face_stars_rejected_as_ambiguous,common_star_ids,lost_star_ids,ambiguous_star_ids,common_ids,face_valid,face_failure_reason,face_geographic_error_meters,face_observation_error_median_deg,face_observation_error_p90_deg,face_solver_rms_residual,face_solver_runtime_seconds,face_total_runtime_seconds,face_path_runtime_seconds,panorama_valid,panorama_failure_reason,panorama_geographic_error_meters,panorama_observation_error_median_deg,panorama_observation_error_p90_deg,panorama_solver_rms_residual,panorama_solver_runtime_seconds,panorama_total_runtime_seconds,panorama_path_runtime_seconds,scene_runtime_seconds,scene_error
london_00_h000,51.5074,-0.1278,35.0,1700000000,0.0,37,384,31,6,0,"[""HIP_100453"", ""HIP_102098"", ""HIP_102422"", ""HIP_102488"", ""HIP_104060"", ""HIP_104732"", ""HIP_104887"", ""HIP_105102"", ""HIP_105199"", ""HIP_106032"", ""HIP_106481"", ""HIP_107533"", ""HIP_109492"", ""HIP_111169"", ""HIP_18246"", ""HIP_18532"", ""HIP_23015"", ""HIP_23453"", ""HIP_23767"", ""HIP_24608"", ""HIP_25428"", ""HIP_26451"", ""HIP_28360"", ""HIP_28380"", ""HIP_29655"", ""HIP_30343"", ""HIP_32246"", ""HIP_94376"", ""HIP_97165"", ""HIP_98110"", ""HIP_99675""]","[""HIP_101076"", ""HIP_107259"", ""HIP_113726"", ""HIP_116584"", ""HIP_19343"", ""HIP_28358""]",[],31,True,,612.3259916677827,0.06145042419299848,0.07604351094440902,0.001041408669576852,1.3587123189936392,1.3590987380011939,8.300802981990273,True,,4308.457340898122,0.11907579455834283,0.17351733532853986,0.0019372378130868063,2.3153409139922587,2.3157188839977607,8.8251173979952,11.389709522991325,
london_06_h090,51.5074,-0.1278,35.0,1700021600,90.0,0,384,0,0,0,[],[],[],0,False,insufficient_observations,2092.728044743299,,,nan,6.538399611599743e-05,0.00013899500481784344,2.818195869011106,False,insufficient_observations,2092.728044743299,,,nan,2.36369960475713e-05,4.633299249690026e-05,2.424225752009079,3.506252457998926,
london_12_h210,51.5074,-0.1278,35.0,1700043200,210.0,15,384,14,1,0,"[""HIP_102098"", ""HIP_102422"", ""HIP_105199"", ""HIP_109492"", ""HIP_110991"", ""HIP_112724"", ""HIP_80816"", ""HIP_81693"", ""HIP_84345"", ""HIP_84379"", ""HIP_84380"", ""HIP_86032"", ""HIP_94376"", ""HIP_99675""]","[""HIP_83000""]",[],14,True,,3248.053816786208,0.05876279950505806,0.09139372771982626,0.001060796310815908,1.3467513650102774,1.346973800988053,4.800073589984095,True,,10889.766065508184,0.13009872096263952,0.18027181278383966,0.0013946987047745087,1.3510266920056893,1.351234525005566,4.395804270010558,6.87756970099872,
new_york_00_h045,40.7128,-74.006,10.0,1700028800,45.0,27,320,25,2,0,"[""HIP_10064"", ""HIP_105199"", ""HIP_106032"", ""HIP_109492"", ""HIP_111169"", ""HIP_112724"", ""HIP_14328"", ""HIP_22449"", ""HIP_23875"", ""HIP_25336"", ""HIP_25930"", ""HIP_26207"", ""HIP_26241"", ""HIP_26311"", ""HIP_26727"", ""HIP_27366"", ""HIP_30324"", ""HIP_3179"", ""HIP_32349"", ""HIP_4427"", ""HIP_5447"", ""HIP_6686"", ""HIP_746"", ""HIP_7607"", ""HIP_9640""]","[""HIP_25606"", ""HIP_25985""]",[],25,True,,852.8847907282623,0.06192653461177495,0.10380437960955219,0.002311126782879332,1.492806620997726,1.4933527849934762,4.770679041015683,True,,5967.818081691702,0.08698813232494802,0.1690341712602168,0.0028133931246308364,1.2508468809974147,1.2511779159976868,4.214378612014116,6.819722057000035,
new_york_06_h135,40.7128,-74.006,10.0,1700050400,135.0,26,384,20,5,1,"[""HIP_23416"", ""HIP_23453"", ""HIP_23767"", ""HIP_27673"", ""HIP_28360"", ""HIP_28380"", ""HIP_29655"", ""HIP_30343"", ""HIP_31681"", ""HIP_32246"", ""HIP_32362"", ""HIP_35550"", ""HIP_36188"", ""HIP_36850"", ""HIP_37279"", ""HIP_37740"", ""HIP_57757"", ""HIP_63090"", ""HIP_63608"", ""HIP_65474""]","[""HIP_28358"", ""HIP_59803"", ""HIP_60965"", ""HIP_61941"", ""HIP_66249""]","[""HIP_24608""]",20,True,,5260.2244742606,0.0672637142212545,0.1021567413013512,0.0015095990321009863,1.3821911080012796,1.3824666339933174,4.575334443987231,True,,10173.992676305666,0.1508591405721209,0.1957031680182495,0.002186222120278314,1.2152992709889077,1.2155678130075103,4.008209574007196,6.510989069007337,
new_york_12_h300,40.7128,-74.006,10.0,1700072000,300.0,21,384,19,1,1,"[""HIP_100453"", ""HIP_102098"", ""HIP_102422"", ""HIP_102488"", ""HIP_104887"", ""HIP_105199"", ""HIP_109492"", ""HIP_88771"", ""HIP_93429"", ""HIP_93747"", ""HIP_93805"", ""HIP_95501"", ""HIP_95947"", ""HIP_97165"", ""HIP_97278"", ""HIP_97365"", ""HIP_98110"", ""HIP_98337"", ""HIP_99473""]","[""HIP_90139""]","[""HIP_97649""]",19,True,,3564.117440626662,0.06738968274709783,0.0900794031367794,0.001124699173877236,1.344728830998065,1.3452114279934904,5.074921726001776,True,,6801.161736014711,0.09158268585445263,0.16049208227335265,0.0011814671372738287,1.336319216992706,1.3366147869965062,4.677727488000528,7.10697902701213,
quito_00_h030,-0.1807,-78.4678,2850.0,1700018000,30.0,35,384,27,6,2,"[""HIP_10064"", ""HIP_14328"", ""HIP_14354"", ""HIP_14576"", ""HIP_15863"", ""HIP_17358"", ""HIP_18246"", ""HIP_18532"", ""HIP_20894"", ""HIP_23015"", ""HIP_23416"", ""HIP_23453"", ""HIP_23767"", ""HIP_24436"", ""HIP_25336"", ""HIP_25930"", ""HIP_25985"", ""HIP_26311"", ""HIP_26451"", ""HIP_26727"", ""HIP_27366"", ""HIP_3179"", ""HIP_5447"", ""HIP_6686"", ""HIP_8796"", ""HIP_8886"", ""HIP_9640""]","[""HIP_23685"", ""HIP_23875"", ""HIP_24674"", ""HIP_25606"", ""HIP_27072"", ""HIP_27288""]","[""HIP_17702"", ""HIP_26241""]",27,True,,2241.4319183324237,0.05609417383155549,0.07859080399168322,0.0009557464303579439,1.6686449510016246,1.6689942119992338,4.329223584994907,True,,12289.767437174285,0.14984958805387266,0.1803311909346101,0.0011723528469732513,1.6089195160020608,1.6092637370020384,3.8458847800065996,6.6350080740085104,
quito_06_h150,-0.1807,-78.4678,2850.0,1700039600,150.0,21,256,15,6,0,"[""HIP_33977"", ""HIP_35264"", ""HIP_35904"", ""HIP_36377"", ""HIP_37819"", ""HIP_38414"", ""HIP_39429"", ""HIP_39757"", ""HIP_39953"", ""HIP_41037"", ""HIP_42913"", ""HIP_44816"", ""HIP_45556"", ""HIP_45941"", ""HIP_48774""]","[""HIP_42536"", ""HIP_42570"", ""HIP_46651"", ""HIP_46701"", ""HIP_51986"", ""HIP_52727""]",[],15,True,,3359.65582697723,0.05562347109648214,0.0751064259247628,0.0009605337683705905,2.259267251996789,2.259598474003724,5.745528488012496,True,,8207.753011367806,0.10726421794553757,0.13276011032098478,0.000864633261612723,2.212238529988099,2.212461880000774,5.480394130005152,8.708479982989957,
quito_12_h270,-0.1807,-78.4678,2850.0,1700061200,270.0,11,384,10,0,1,"[""HIP_52727"", ""HIP_59196"", ""HIP_59747"", ""HIP_60260"", ""HIP_61084"", ""HIP_61932"", ""HIP_62434"", ""HIP_66657"", ""HIP_68702"", ""HIP_71683""]",[],"[""HIP_60718""]",10,True,,19667.27497409193,0.052932892426125,0.10657723856438195,0.000805539055163282,1.5097411410097266,1.5099185669969302,4.701612873992417,True,,15837.739300429905,0.1599324926532426,0.2021877572734971,0.0014961706099327426,2.7538577539962716,2.7540404699975625,5.55950512799609,8.184215004002908,
cape_town_00_h060,-33.9249,18.4241,15.0,1700000000,60.0,25,384,22,1,2,"[""HIP_23685"", ""HIP_24436"", ""HIP_25606"", ""HIP_26634"", ""HIP_26727"", ""HIP_27366"", ""HIP_27628"", ""HIP_30122"", ""HIP_30324"", ""HIP_30438"", ""HIP_32768"", ""HIP_33579"", ""HIP_33977"", ""HIP_35264"", ""HIP_38170"", ""HIP_39429"", ""HIP_39953"", ""HIP_41037"", ""HIP_42913"", ""HIP_45238"", ""HIP_45556"", ""HIP_48002""]","[""HIP_50099""]","[""HIP_32349"", ""HIP_34444""]",22,True,,5918.176039148592,0.058044157819514955,0.09739923736348473,0.0012285899227676394,2.063478270996711,2.06378178599698,5.770241984006134,True,,8833.318146304748,0.09934482815784267,0.18056942064886367,0.0017458201619507821,1.97201206900354,1.9723008870059857,5.283692218014039,8.48617698099406,
cape_town_06_h180,-33.9249,18.4241,15.0,1700021600,180.0,26,384,23,1,2,"[""HIP_25930"", ""HIP_26311"", ""HIP_26727"", ""HIP_27366"", ""HIP_27989"", ""HIP_31681"", ""HIP_45941"", ""HIP_46701"", ""HIP_48002"", ""HIP_50371"", ""HIP_51576"", ""HIP_52419"", ""HIP_56561"", ""HIP_57363"", ""HIP_59196"", ""HIP_59747"", ""HIP_60260"", ""HIP_61585"", ""HIP_61932"", ""HIP_66657"", ""HIP_71683"", ""HIP_71908"", ""HIP_74946""]","[""HIP_50099""]","[""HIP_26241"", ""HIP_62322""]",23,True,,6611.004682134527,0.07098294962813843,0.09877992060744868,0.0010774503373568115,1.1973278789955657,1.1976376090024132,4.190560181014007,True,,6900.395580742473,0.07872158737315438,0.16706060041354528,0.0013919413822397859,1.171763866004767,1.1720541889953893,3.760690622992115,6.0524697590008145,
cape_town_12_h330,-33.9249,18.4241,15.0,1700043200,330.0,27,384,21,4,2,"[""HIP_45238"", ""HIP_45556"", ""HIP_45941"", ""HIP_46701"", ""HIP_47854"", ""HIP_48002"", ""HIP_48774"", ""HIP_50371"", ""HIP_51232"", ""HIP_51576"", ""HIP_52419"", ""HIP_52727"", ""HIP_53253"", ""HIP_56561"", ""HIP_59196"", ""HIP_59747"", ""HIP_61585"", ""HIP_62322"", ""HIP_62434"", ""HIP_71908"", ""HIP_82273""]","[""HIP_57363"", ""HIP_60260"", ""HIP_71683"", ""HIP_74946""]","[""HIP_60718"", ""HIP_68702""]",21,True,,6207.349550618935,0.07071541128966213,0.08559574015295841,0.001104188356406687,1.5328955449949717,1.5332700199942337,4.758608183998149,True,,11377.47187623887,0.15715535527841248,0.1794086821127783,0.001069352147165954,1.9043121760041686,1.9045820609899238,4.726660871994682,7.375765438991948,
tokyo_00_h015,35.6762,139.6503,40.0,1700043200,15.0,19,384,16,2,1,"[""HIP_101769"", ""HIP_102488"", ""HIP_104060"", ""HIP_104732"", ""HIP_104887"", ""HIP_92420"", ""HIP_93194"", ""HIP_93747"", ""HIP_95501"", ""HIP_95947"", ""HIP_97165"", ""HIP_97278"", ""HIP_97365"", ""HIP_98110"", ""HIP_98337"", ""HIP_99675""]","[""HIP_102453"", ""HIP_90139""]","[""HIP_91262""]",16,True,,5959.16186109703,0.05660745721329956,0.08337543475707562,0.000938330431718628,2.243207587991492,2.2435716670006514,5.405312472983496,True,,7816.475457539819,0.08896518093283295,0.15869840302393673,0.0009530795793543026,2.7240398720023222,2.7242667310056277,5.5045732949947705,8.839994604000822,
tokyo_06_h105,35.6762,139.6503,40.0,1700064800,105.0,16,384,12,4,0,"[""HIP_10064"", ""HIP_13531"", ""HIP_3092"", ""HIP_3179"", ""HIP_4427"", ""HIP_5447"", ""HIP_6686"", ""HIP_677"", ""HIP_746"", ""HIP_8886"", ""HIP_8903"", ""HIP_9640""]","[""HIP_13268"", ""HIP_14354"", ""HIP_7607"", ""HIP_8796""]",[],12,True,,28074.244598830126,0.05854809789803853,0.08657845876865304,0.008287245381152164,1.816545819005114,1.816832582000643,5.211779605000629,False,optimizer_not_converged,8074.468022307371,0.07334004429217514,0.15264776147156162,0.0009268740682991488,1.8997208059881814,1.8999088559939992,4.913358167003025,7.902252807005425,
tokyo_12_h225,35.6762,139.6503,40.0,1700086400,225.0,29,384,24,5,0,"[""HIP_27673"", ""HIP_28360"", ""HIP_28380"", ""HIP_29655"", ""HIP_30343"", ""HIP_31681"", ""HIP_32246"", ""HIP_32362"", ""HIP_36850"", ""HIP_37279"", ""HIP_37740"", ""HIP_37826"", ""HIP_57757"", ""HIP_61941"", ""HIP_63090"", ""HIP_63608"", ""HIP_65474"", ""HIP_67927"", ""HIP_69673"", ""HIP_71053"", ""HIP_71075"", ""HIP_72105"", ""HIP_73555"", ""HIP_76267""]","[""HIP_33018"", ""HIP_36188"", ""HIP_59803"", ""HIP_60965"", ""HIP_66249""]",[],24,True,,3601.9195589046954,0.06866470499405342,0.09974986370754287,0.001190739136983909,1.8882754040096188,1.8885929879907053,4.844627544982359,True,,4141.074013500988,0.10502877567783803,0.18520237410416435,0.0018178518827753798,2.009727352997288,2.010025511990534,4.565003364987206,7.565740399004426,
perth_00_h075,-31.9505,115.8605,20.0,1700039600,75.0,36,384,31,1,4,"[""HIP_73273"", ""HIP_74395"", ""HIP_75264"", ""HIP_76297"", ""HIP_77952"", ""HIP_78265"", ""HIP_78401"", ""HIP_78820"", ""HIP_80112"", ""HIP_80763"", ""HIP_81266"", ""HIP_81377"", ""HIP_82273"", ""HIP_82396"", ""HIP_82514"", ""HIP_82729"", ""HIP_83081"", ""HIP_84143"", ""HIP_84970"", ""HIP_85258"", ""HIP_85423"", ""HIP_85792"", ""HIP_85927"", ""HIP_86263"", ""HIP_86670"", ""HIP_87073"", ""HIP_93747"", ""HIP_93805"", ""HIP_95501"", ""HIP_97365"", ""HIP_98337""]","[""HIP_99473""]","[""HIP_71683"", ""HIP_71908"", ""HIP_84012"", ""HIP_97278""]",31,True,,3301.680282102336,0.066533104550777,0.09779671277056898,0.0023070165387354103,2.1499536290066317,2.150329682001029,6.200302674988052,True,,6979.407464579423,0.13202570806082123,0.17561475097146587,0.002321086817242285,1.9718310400057817,1.9722029359982116,5.655717122994247,8.906942807006999,
perth_06_h195,-31.9505,115.8605,20.0,1700061200,195.0,30,384,27,2,1,"[""HIP_23685"", ""HIP_23875"", ""HIP_24436"", ""HIP_25336"", ""HIP_25606"", ""HIP_25930"", ""HIP_25985"", ""HIP_26241"", ""HIP_26311"", ""HIP_26634"", ""HIP_26727"", ""HIP_27366"", ""HIP_27628"", ""HIP_27989"", ""HIP_30122"", ""HIP_30324"", ""HIP_33579"", ""HIP_33856"", ""HIP_33977"", ""HIP_34444"", ""HIP_35264"", ""HIP_35904"", ""HIP_36377"", ""HIP_37819"", ""HIP_38414"", ""HIP_39429"", ""HIP_39953""]","[""HIP_32349"", ""HIP_33152""]","[""HIP_30438""]",27,True,,10048.587350080772,0.060078691479803964,0.09821245557388762,0.001708973495706238,2.5690811590029625,2.569422261993168,5.740743710994138,True,,11920.518156872615,0.1416277111180031,0.16889556673452188,0.0017422087076905328,2.359047685007681,2.3593764989927877,5.132473757999833,8.838839367002947,
perth_12_h285,-31.9505,115.8605,20.0,1700082800,285.0,35,384,31,4,0,"[""HIP_23875"", ""HIP_24436"", ""HIP_25336"", ""HIP_25606"", ""HIP_25930"", ""HIP_26241"", ""HIP_26311"", ""HIP_26727"", ""HIP_27366"", ""HIP_27989"", ""HIP_47854"", ""HIP_48002"", ""HIP_50371"", ""HIP_52419"", ""HIP_53253"", ""HIP_56561"", ""HIP_57363"", ""HIP_59196"", ""HIP_59747"", ""HIP_60260"", ""HIP_61084"", ""HIP_61585"", ""HIP_61932"", ""HIP_62322"", ""HIP_62434"", ""HIP_65109"", ""HIP_66657"", ""HIP_68002"", ""HIP_68702"", ""HIP_71908"", ""HIP_74946""]","[""HIP_26634"", ""HIP_30122"", ""HIP_50099"", ""HIP_71683""]",[],31,True,,5017.357559409353,0.06506484836028444,0.0892250597495306,0.0009319677396038616,1.011761165005737,1.0121380529890303,4.04856904198823,True,,6616.277249868312,0.10360513435269661,0.19260789869706846,0.001972504072348322,1.1528375349880662,1.1532436900015455,3.8043576549971476,5.970731819994398,
reykjavik_00_h120,64.1466,-21.9426,20.0,1700000000,120.0,17,384,14,2,1,"[""HIP_100453"", ""HIP_102098"", ""HIP_102488"", ""HIP_104732"", ""HIP_104887"", ""HIP_87833"", ""HIP_92420"", ""HIP_93194"", ""HIP_95947"", ""HIP_97165"", ""HIP_97365"", ""HIP_98110"", ""HIP_98337"", ""HIP_99675""]","[""HIP_103413"", ""HIP_84380""]","[""HIP_91262""]",14,True,,4450.000066511884,0.06563957492335287,0.0801358660370449,0.0010621182011330925,2.206500900996616,2.206725860000006,4.805571753997356,True,,8820.253897733837,0.09389498420693651,0.18269647407340758,0.0012274438619534198,2.575062275995151,2.5752766670048004,4.785102017005556,8.088762401996064,
reykjavik_06_h240,64.1466,-21.9426,20.0,1700021600,240.0,22,384,21,1,0,"[""HIP_102422"", ""HIP_105199"", ""HIP_106481"", ""HIP_109492"", ""HIP_110991"", ""HIP_111169"", ""HIP_112724"", ""HIP_21421"", ""HIP_23015"", ""HIP_25336"", ""HIP_26451"", ""HIP_27989"", ""HIP_29655"", ""HIP_30343"", ""HIP_31681"", ""HIP_3179"", ""HIP_32246"", ""HIP_36188"", ""HIP_36850"", ""HIP_37826"", ""HIP_746""]","[""HIP_32362""]",[],21,True,,2956.9916330265714,0.060968071255020545,0.09953952084623362,0.0012526042450811596,1.4721942449978087,1.4724839169939514,4.606980026976089,True,,6711.197605391287,0.1556072589007882,0.19768181331283916,0.0019137489719771848,2.4191709930018988,2.419598804000998,5.1653700989845674,7.756721786005073,
reykjavik_12_h015,64.1466,-21.9426,20.0,1700043200,15.0,24,384,21,2,1,"[""HIP_102098"", ""HIP_105199"", ""HIP_106032"", ""HIP_107533"", ""HIP_109492"", ""HIP_110538"", ""HIP_110991"", ""HIP_111169"", ""HIP_112724"", ""HIP_116727"", ""HIP_23416"", ""HIP_23453"", ""HIP_23767"", ""HIP_24608"", ""HIP_28360"", ""HIP_28380"", ""HIP_3179"", ""HIP_4427"", ""HIP_746"", ""HIP_94376"", ""HIP_99675""]","[""HIP_27673"", ""HIP_33018""]","[""HIP_102422""]",21,True,,7366.1567041762455,0.06148133919882646,0.0897292372329627,0.0016520864524204961,1.3289882360113552,1.3294403420004528,4.787637758010533,True,,12651.473400619667,0.1475590684109191,0.17305042132651197,0.001392060095379545,1.4734801489976235,1.4737605400005123,4.533811835004599,7.015954036993207,
anchorage_00_h135,61.2181,-149.9003,30.0,1700064800,135.0,35,384,32,2,1,"[""HIP_116727"", ""HIP_14328"", ""HIP_14354"", ""HIP_14576"", ""HIP_15863"", ""HIP_17358"", ""HIP_18246"", ""HIP_23416"", ""HIP_23453"", ""HIP_23767"", ""HIP_25428"", ""HIP_28358"", ""HIP_28360"", ""HIP_28380"", ""HIP_2920"", ""HIP_29655"", ""HIP_30343"", ""HIP_31681"", ""HIP_3179"", ""HIP_32246"", ""HIP_32362"", ""HIP_33018"", ""HIP_36188"", ""HIP_36850"", ""HIP_37279"", ""HIP_37826"", ""HIP_4427"", ""HIP_6686"", ""HIP_746"", ""HIP_7607"", ""HIP_8886"", ""HIP_9640""]","[""HIP_26451"", ""HIP_35350""]","[""HIP_24608""]",32,True,,1967.9267386653028,0.06171003598626529,0.08620862044280679,0.0010980022275492818,2.506737676987541,2.5071304279990727,5.075315094014513,True,,11356.318870288938,0.13776097132624296,0.16737878357412284,0.0013904845035738963,2.2371046300104354,2.237495465000393,4.401504412002396,8.053113928996027,
anchorage_06_h255,61.2181,-149.9003,30.0,1700086400,255.0,36,384,32,3,1,"[""HIP_100453"", ""HIP_102488"", ""HIP_102589"", ""HIP_104732"", ""HIP_104887"", ""HIP_105199"", ""HIP_106032"", ""HIP_106481"", ""HIP_109492"", ""HIP_111169"", ""HIP_112724"", ""HIP_116727"", ""HIP_4427"", ""HIP_6686"", ""HIP_746"", ""HIP_76267"", ""HIP_80816"", ""HIP_81693"", ""HIP_84345"", ""HIP_84379"", ""HIP_84380"", ""HIP_86032"", ""HIP_86974"", ""HIP_92420"", ""HIP_93194"", ""HIP_95947"", ""HIP_96837"", ""HIP_97165"", ""HIP_97365"", ""HIP_98110"", ""HIP_98337"", ""HIP_99675""]","[""HIP_77070"", ""HIP_83000"", ""HIP_86742""]","[""HIP_91262""]",32,True,,1637.1021597624244,0.05494093573595252,0.07474978597669608,0.0010131888548167926,2.532951838002191,2.53332367099938,5.908434961005696,True,,7232.534141935097,0.09555533569930001,0.16696039737348572,0.001217322715792235,2.5669235620007385,2.5673454869975103,5.5559355200093705,9.171140712001943,
anchorage_12_h345,61.2181,-149.9003,30.0,1700108000,345.0,19,384,16,2,1,"[""HIP_101076"", ""HIP_102488"", ""HIP_14328"", ""HIP_14576"", ""HIP_17358"", ""HIP_6686"", ""HIP_8886"", ""HIP_92420"", ""HIP_93194"", ""HIP_93244"", ""HIP_95947"", ""HIP_9640"", ""HIP_97278"", ""HIP_97365"", ""HIP_98110"", ""HIP_98337""]","[""HIP_102453"", ""HIP_14354""]","[""HIP_91262""]",16,True,,10913.542508768334,0.06140057003572752,0.09300145827599217,0.007444952891787466,2.0119870740018087,2.01221761200577,5.305416103990865,False,optimizer_not_converged,2336.4242567608635,0.08891407162061463,0.19358022683950443,0.001528900690413687,3.020565265993355,3.0208903059974546,5.907703586985008,9.048268468992319,
