scene_id,outcome,baseline_valid,hybrid_valid,baseline_error_meters,hybrid_error_meters,delta_hybrid_minus_baseline_meters,saved_observation_count,independent_selected_count,changed_correspondence_count,changed_object_ids
addis_ababa_00_h144,worsened,True,True,461.37578077256285,912.2567041608836,450.88092338832075,21,20,1,HIP_89931
addis_ababa_06_h264,worsened,True,True,1145.1872824228838,1316.0031229627848,170.81584053990105,24,20,1,HIP_24436
addis_ababa_12_h024,improved,True,True,8560.156840973417,8542.188954774376,-17.96788619904146,13,6,0,
berlin_00_h018,improved,True,True,537.2360254676462,533.0395660817666,-4.196459385879621,22,20,0,
berlin_06_h138,worsened,True,True,6089.4981487256155,6199.491575317971,109.99342659235572,15,13,1,HIP_95947
berlin_12_h258,both_invalid,False,False,,,,0,0,0,
johannesburg_00_h036,improved,True,True,873.2155735103593,863.155209280069,-10.060364230290247,22,20,3,HIP_74395;HIP_82273;HIP_97365
johannesburg_06_h156,both_invalid,False,False,,,,0,0,0,
johannesburg_12_h276,improved,True,True,1969.4839628428606,1969.2699669776873,-0.21399586517327407,29,21,0,
lima_00_h108,improved,True,True,4159.68593938038,3981.586813518217,-178.09912586216296,28,24,0,
lima_06_h228,improved,True,True,3838.4410275290293,3804.3865541696036,-34.05447335942563,20,16,0,
lima_12_h348,improved,True,True,780.6870506827132,739.1424408508224,-41.54460983189085,20,18,1,HIP_5447
lisbon_00_h126,worsened,True,True,2622.8262209319378,2667.076857263943,44.25063633200534,14,8,0,
lisbon_06_h246,worsened,True,True,1509.09327903887,1785.9670189109959,276.87373987212595,25,18,1,HIP_14328
lisbon_12_h006,worsened,True,True,2155.17783209816,2415.3881648204024,260.2103327222426,17,15,2,HIP_23875;HIP_36188
melbourne_00_h072,improved,True,True,1095.0333961227411,946.285446871123,-148.74794925161814,26,24,1,HIP_23875
melbourne_06_h192,improved,True,True,1389.200836183999,1339.705996964623,-49.49483921937599,28,26,2,HIP_66657;HIP_31681
melbourne_12_h312,improved,True,True,1426.3278938135593,1263.7217005940956,-162.60619321946365,29,28,2,HIP_50371;HIP_51232
rio_00_h054,improved,True,True,5588.787947136477,310.8794298902389,-5277.908517246238,18,18,0,
rio_06_h174,worsened,True,True,1092.454409032412,1126.1641320415388,33.70972300912672,35,32,1,HIP_81266
rio_12_h294,hybrid_recovered,False,True,,2011.7512073190417,,8,8,0,
seoul_00_h090,improved,True,True,379.97571544323284,293.7456636124278,-86.23005183080505,19,16,1,HIP_28360
seoul_06_h210,worsened,True,True,5531.931527506527,6023.013663631821,491.0821361252938,15,15,0,
seoul_12_h330,improved,True,True,1557.310584249944,1500.2693190138793,-57.041265236064646,18,16,2,HIP_87833;HIP_50583
